[
    {
        "anno": 1991,
        "autore": "Nirvana",
        "collocazione": "Sezione V1",
        "disponibilita": true,
        "durata": 42,
        "genere": "Alternative",
        "id": "19",
        "immagine": "nevermind.jpg",
        "in_prestito": 1,
        "lingua": "Inglese",
        "numero_copie": 3,
        "numero_tracce": 12,
        "rating": 4.9,
        "tipo": "vinile",
        "titolo": "Nevermind"
    },
    {
        "anno": 2011,
        "autore": "Walter Isaacson",
        "collocazione": "Scaffale B1",
        "disponibilita": true,
        "editore": "Mondadori",
        "genere": "Biografia",
        "id": "1",
        "immagine": "steve_jobs.jpg",
        "in_prestito": 5,
        "isbn": "978-8804619352",
        "lingua": "Italiano",
        "numero_copie": 5,
        "numero_pagine": 668,
        "rating": 4.6,
        "tipo": "libro",
        "titolo": "Steve Jobs"
    },
    {
        "anno": 2008,
        "autore": "Matt Leacock",
        "collocazione": "Sezione G2",
        "disponibilita": true,
        "durata": 45,
        "editore": "Z-Man Games",
        "eta_minima": 12,
        "genere": "Cooperativo",
        "id": "43",
        "immagine": "pandemic.jpg",
        "in_prestito": 1,
        "lingua": "Inglese",
        "numero_copie": 4,
        "numero_giocatori": 4,
        "rating": 4.7,
        "tipo": "gioco",
        "titolo": "Pandemic"
    },
    {
        "anno": 2013,
        "autore": "Chris Buck, Jennifer Lee",
        "cast": [
            "Idina Menzel",
            "Kristen Bell",
            "Jonathan Groff"
        ],
        "collocazione": "Sezione A1",
        "disponibilita": true,
        "durata": 102,
        "genere": "Animazione",
        "id": "8",
        "immagine": "frozen.jpg",
        "in_prestito": 2,
        "lingua": "Francese",
        "numero_copie": 6,
        "rating": 4.6,
        "tipo": "film",
        "titolo": "Frozen - Il regno di ghiaccio"
    },
    {
        "anno": 2023,
        "autore": "Nancy Gibbs",
        "collocazione": "Sezione R1",
        "data_pubblicazione": "15-04-2023",
        "disponibilita": true,
        "editore": "Time USA, LLC",
        "genere": "Attualità",
        "id": "30",
        "immagine": "time.jpg",
        "in_prestito": 2,
        "lingua": "Inglese",
        "numero_copie": 10,
        "numero_pagine": 68,
        "periodicita": "Settimanale",
        "rating": 4.5,
        "tipo": "rivista",
        "titolo": "Time"
    },
    {
        "anno": 1959,
        "autore": "Miles Davis",
        "collocazione": "Sezione V2",
        "disponibilita": true,
        "durata": 45,
        "genere": "Blues",
        "id": "20",
        "immagine": "kind_of_blue.jpg",
        "in_prestito": 1,
        "lingua": "Inglese",
        "numero_copie": 4,
        "numero_tracce": 5,
        "rating": 4.9,
        "tipo": "vinile",
        "titolo": "Kind of Blue"
    },
    {
        "anno": 1997,
        "autore": "J.K. Rowling",
        "collocazione": "Scaffale C1",
        "disponibilita": true,
        "editore": "Salani",
        "genere": "Fantasy",
        "id": "2",
        "immagine": "harry_potter_1.jpg",
        "in_prestito": 3,
        "isbn": "978-8831003384",
        "lingua": "Inglese",
        "numero_copie": 8,
        "numero_pagine": 302,
        "rating": 4.8,
        "tipo": "libro",
        "titolo": "Harry Potter e la pietra filosofale"
    },
    {
        "anno": 1988,
        "autore": "John McTiernan",
        "cast": [
            "Giacomo Giora",
            "Giacomo Nalotto",
            "Marco Zanella",
            "Franceso Ranzato"
        ],
        "collocazione": "Sezione A2",
        "disponibilita": true,
        "durata": 132,
        "genere": "Azione",
        "id": "9",
        "immagine": "die_hard.jpg",
        "in_prestito": 0,
        "lingua": "Italiano",
        "numero_copie": 4,
        "rating": 4.7,
        "tipo": "film",
        "titolo": "Die Hard - Trappola di cristallo"
    },
    {
        "anno": 1996,
        "autore": "Imperatore Yao",
        "collocazione": "Sezione G1",
        "disponibilita": true,
        "durata": 60,
        "editore": "Korea Baduk Association",
        "eta_minima": 8,
        "genere": "Altro",
        "id": "42",
        "immagine": "go.jpg",
        "in_prestito": 0,
        "lingua": "Italiano",
        "numero_copie": 3,
        "numero_giocatori": 2,
        "rating": 4.9,
        "tipo": "gioco",
        "titolo": "Go"
    },
    {
        "anno": 2023,
        "autore": "David Velasco",
        "collocazione": "Sezione R2",
        "data_pubblicazione": "01-03-2023",
        "disponibilita": true,
        "editore": "Artforum International Magazine",
        "genere": "Arte",
        "id": "31",
        "immagine": "artforum.jpg",
        "in_prestito": 1,
        "lingua": "Inglese",
        "numero_copie": 5,
        "numero_pagine": 220,
        "periodicita": "Mensile",
        "rating": 4.6,
        "tipo": "rivista",
        "titolo": "Artforum"
    },
    {
        "anno": 1970,
        "autore": "Antonio Vivaldi",
        "collocazione": "Sezione V3",
        "disponibilita": true,
        "durata": 40,
        "genere": "Classica",
        "id": "21",
        "immagine": "quattro_stagioni.jpg",
        "in_prestito": 0,
        "lingua": "Italiano",
        "numero_copie": 3,
        "numero_tracce": 4,
        "rating": 4.8,
        "tipo": "vinile",
        "titolo": "Le quattro stagioni"
    },
    {
        "anno": 1934,
        "autore": "Agatha Christie",
        "collocazione": "Scaffale D1",
        "disponibilita": true,
        "editore": "Mondadori",
        "genere": "Giallo",
        "id": "3",
        "immagine": "orient_express.jpg",
        "in_prestito": 2,
        "isbn": "978-8804671725",
        "lingua": "Francese",
        "numero_copie": 6,
        "numero_pagine": 240,
        "rating": 4.7,
        "tipo": "libro",
        "titolo": "Assassinio sull'Orient Express"
    },
    {
        "anno": 1981,
        "autore": "Steven Spielberg",
        "cast": [
            "Harrison Ford",
            "Karen Allen",
            "Paul Freeman"
        ],
        "collocazione": "Sezione A3",
        "disponibilita": true,
        "durata": 115,
        "genere": "Avventura",
        "id": "10",
        "immagine": "indiana_jones.jpg",
        "in_prestito": 1,
        "lingua": "Inglese",
        "numero_copie": 5,
        "rating": 4.8,
        "tipo": "film",
        "titolo": "Indiana Jones e i Predatori dell'Arca Perduta"
    },
    {
        "anno": 1993,
        "autore": "Richard Garfield",
        "collocazione": "Sezione G3",
        "disponibilita": true,
        "durata": 30,
        "editore": "Wizards of the Coast",
        "eta_minima": 13,
        "genere": "Carte",
        "id": "44",
        "immagine": "magic.jpg",
        "in_prestito": 2,
        "lingua": "Inglese",
        "numero_copie": 5,
        "numero_giocatori": 2,
        "rating": 4.8,
        "tipo": "gioco",
        "titolo": "Magic: The Gathering"
    },
    {
        "anno": 2023,
        "autore": "Marco Bianchi",
        "collocazione": "Sezione R3",
        "data_pubblicazione": "01-04-2023",
        "disponibilita": true,
        "editore": "Condé Nast",
        "genere": "Cucina",
        "id": "32",
        "immagine": "cucina_italiana.jpg",
        "in_prestito": 3,
        "lingua": "Italiano",
        "numero_copie": 8,
        "numero_pagine": 120,
        "periodicita": "Mensile",
        "rating": 4.7,
        "tipo": "rivista",
        "titolo": "La Cucina Italiana"
    },
    {
        "anno": 1963,
        "autore": "Johnny Cash",
        "collocazione": "Sezione V4",
        "disponibilita": true,
        "durata": 35,
        "genere": "Country",
        "id": "22",
        "immagine": "ring_of_fire.jpg",
        "in_prestito": 0,
        "lingua": "Inglese",
        "numero_copie": 2,
        "numero_tracce": 12,
        "rating": 4.6,
        "tipo": "vinile",
        "titolo": "Ring of Fire"
    },
    {
        "anno": 1986,
        "autore": "Stephen King",
        "collocazione": "Scaffale E1",
        "disponibilita": true,
        "editore": "Sperling & Kupfer",
        "genere": "Horror",
        "id": "4",
        "immagine": "it.jpg",
        "in_prestito": 1,
        "isbn": "978-8820062392",
        "lingua": "Inglese",
        "numero_copie": 4,
        "numero_pagine": 1216,
        "rating": 4.6,
        "tipo": "libro",
        "titolo": "It"
    },
    {
        "anno": 1990,
        "autore": "Garry Marshall",
        "cast": [
            "Richard Gere",
            "Julia Roberts",
            "Ralph Bellamy"
        ],
        "collocazione": "Sezione A4",
        "disponibilita": true,
        "durata": 119,
        "genere": "Commedia",
        "id": "11",
        "immagine": "pretty_woman.jpg",
        "in_prestito": 2,
        "lingua": "Francese",
        "numero_copie": 5,
        "rating": 4.5,
        "tipo": "film",
        "titolo": "Pretty Woman"
    },
    {
        "anno": 2013,
        "autore": "Daft Punk",
        "collocazione": "Sezione V5",
        "disponibilita": true,
        "durata": 74,
        "genere": "Elettronica",
        "id": "23",
        "immagine": "random_access_memories.jpg",
        "in_prestito": 1,
        "lingua": "Francese",
        "numero_copie": 3,
        "numero_tracce": 13,
        "rating": 4.7,
        "tipo": "vinile",
        "titolo": "Random Access Memories"
    },
    {
        "anno": 2023,
        "autore": "David Remnick",
        "collocazione": "Sezione R4",
        "data_pubblicazione": "10-04-2023",
        "disponibilita": true,
        "editore": "Condé Nast",
        "genere": "Cultura",
        "id": "33",
        "immagine": "new_yorker.jpg",
        "in_prestito": 2,
        "lingua": "Inglese",
        "numero_copie": 7,
        "numero_pagine": 80,
        "periodicita": "Settimanale",
        "rating": 4.8,
        "tipo": "rivista",
        "titolo": "The New Yorker"
    },
    {
        "anno": 1989,
        "autore": "Ken Follett",
        "collocazione": "Scaffale G1",
        "disponibilita": true,
        "editore": "Mondadori",
        "genere": "Storico",
        "id": "5",
        "immagine": "pilastri_terra.jpg",
        "in_prestito": 2,
        "isbn": "978-8804668732",
        "lingua": "Italiano",
        "numero_copie": 5,
        "numero_pagine": 1030,
        "rating": 4.8,
        "tipo": "libro",
        "titolo": "I pilastri della Terra"
    },
    {
        "anno": 2005,
        "autore": "Luc Jacquet",
        "cast": [
            "Charles Berling",
            "Romane Bohringer",
            "Jules Sitruk"
        ],
        "collocazione": "Sezione B1",
        "disponibilita": true,
        "durata": 85,
        "genere": "Documentario",
        "id": "12",
        "immagine": "marcia_pinguini.jpg",
        "in_prestito": 0,
        "lingua": "Francese",
        "numero_copie": 3,
        "rating": 4.6,
        "tipo": "film",
        "titolo": "La marcia dei pinguini"
    },
    {
        "anno": 1995,
        "autore": "Klaus Teuber",
        "collocazione": "Sezione G5",
        "disponibilita": true,
        "durata": 60,
        "editore": "Kosmos",
        "eta_minima": 10,
        "genere": "Strategia",
        "id": "45",
        "immagine": "catan.jpg",
        "in_prestito": 2,
        "lingua": "Tedesco",
        "numero_copie": 6,
        "numero_giocatori": 4,
        "rating": 4.7,
        "tipo": "gioco",
        "titolo": "Catan"
    },
    {
        "anno": 1970,
        "autore": "Joni Mitchell",
        "collocazione": "Sezione V6",
        "disponibilita": true,
        "durata": 45,
        "genere": "Folk",
        "id": "24",
        "immagine": "woodstock.jpg",
        "in_prestito": 0,
        "lingua": "Inglese",
        "numero_copie": 2,
        "numero_tracce": 10,
        "rating": 4.5,
        "tipo": "vinile",
        "titolo": "Woodstock"
    },
    {
        "anno": 2011,
        "autore": "Yuval Noah Harari",
        "collocazione": "Scaffale H1",
        "disponibilita": true,
        "editore": "Bompiani",
        "genere": "Saggistica",
        "id": "6",
        "immagine": "sapiens.jpg",
        "in_prestito": 4,
        "isbn": "978-8845282874",
        "lingua": "Inglese",
        "numero_copie": 7,
        "numero_pagine": 536,
        "rating": 4.8,
        "tipo": "libro",
        "titolo": "Sapiens: Da animali a dèi"
    },
    {
        "anno": 2023,
        "autore": "Zanny Minton Beddoes",
        "collocazione": "Sezione R5",
        "data_pubblicazione": "18-04-2023",
        "disponibilita": true,
        "editore": "The Economist Group",
        "genere": "Economia",
        "id": "34",
        "immagine": "economist.jpg",
        "in_prestito": 4,
        "lingua": "Inglese",
        "numero_copie": 8,
        "numero_pagine": 90,
        "periodicita": "Settimanale",
        "rating": 4.7,
        "tipo": "rivista",
        "titolo": "The Economist"
    },
    {
        "anno": 1972,
        "autore": "Francis Ford Coppola",
        "cast": [
            "Marlon Brando",
            "Al Pacino",
            "James Caan"
        ],
        "collocazione": "Sezione B2",
        "disponibilita": true,
        "durata": 175,
        "genere": "Drammatico",
        "id": "13",
        "immagine": "padrino.jpg",
        "in_prestito": 1,
        "lingua": "Italiano",
        "numero_copie": 6,
        "rating": 4.9,
        "tipo": "film",
        "titolo": "Il padrino"
    },
    {
        "anno": 1992,
        "autore": "Dr. Dre",
        "collocazione": "Sezione V7",
        "disponibilita": true,
        "durata": 62,
        "genere": "Hip Hop",
        "id": "25",
        "immagine": "chronic.jpg",
        "in_prestito": 1,
        "lingua": "Inglese",
        "numero_copie": 3,
        "numero_tracce": 16,
        "rating": 4.7,
        "tipo": "vinile",
        "titolo": "The Chronic"
    },
    {
        "anno": 1988,
        "autore": "Thomas Harris",
        "collocazione": "Scaffale I1",
        "disponibilita": true,
        "editore": "Mondadori",
        "genere": "Thriller",
        "id": "7",
        "immagine": "silenzio_innocenti.jpg",
        "in_prestito": 1,
        "isbn": "978-8804668084",
        "lingua": "Italiano",
        "numero_copie": 6,
        "numero_pagine": 372,
        "rating": 4.7,
        "tipo": "libro",
        "titolo": "Il silenzio degli innocenti"
    },
    {
        "anno": 2001,
        "autore": "Peter Jackson",
        "cast": [
            "Elijah Wood",
            "Ian McKellen",
            "Viggo Mortensen"
        ],
        "collocazione": "Sezione B3",
        "disponibilita": true,
        "durata": 178,
        "genere": "Fantasy",
        "id": "14",
        "immagine": "lotr_fellowship.jpg",
        "in_prestito": 2,
        "lingua": "Inglese",
        "numero_copie": 7,
        "rating": 4.9,
        "tipo": "film",
        "titolo": "Il Signore degli Anelli: La Compagnia dell'Anello"
    },
    {
        "anno": 2023,
        "autore": "Simone Marchetti",
        "collocazione": "Sezione R6",
        "data_pubblicazione": "05-04-2023",
        "disponibilita": true,
        "editore": "Condé Nast",
        "genere": "Intrattenimento",
        "id": "35",
        "immagine": "vanity_fair.jpg",
        "in_prestito": 5,
        "lingua": "Italiano",
        "numero_copie": 12,
        "numero_pagine": 150,
        "periodicita": "Mensile",
        "rating": 4.4,
        "tipo": "rivista",
        "titolo": "Vanity Fair"
    },
    {
        "anno": 1965,
        "autore": "John Coltrane",
        "collocazione": "Sezione V8",
        "disponibilita": true,
        "durata": 33,
        "genere": "Jazz",
        "id": "26",
        "immagine": "love_supreme.jpg",
        "in_prestito": 0,
        "lingua": "Inglese",
        "numero_copie": 2,
        "numero_tracce": 4,
        "rating": 4.9,
        "tipo": "vinile",
        "titolo": "A Love Supreme"
    },
    {
        "anno": 1974,
        "autore": "Gary Gygax, Dave Arneson",
        "collocazione": "Sezione G6",
        "disponibilita": true,
        "durata": 180,
        "editore": "Wizards of the Coast",
        "eta_minima": 12,
        "genere": "Fantasy",
        "id": "46",
        "immagine": "dnd.jpg",
        "in_prestito": 1,
        "lingua": "Inglese",
        "numero_copie": 4,
        "numero_giocatori": 5,
        "rating": 4.9,
        "tipo": "gioco",
        "titolo": "Dungeons & Dragons"
    },
    {
        "anno": 1980,
        "autore": "Stanley Kubrick",
        "cast": [
            "Jack Nicholson",
            "Shelley Duvall",
            "Danny Lloyd"
        ],
        "collocazione": "Sezione B4",
        "disponibilita": true,
        "durata": 146,
        "genere": "Horror",
        "id": "15",
        "immagine": "shining_film.jpg",
        "in_prestito": 0,
        "lingua": "Inglese",
        "numero_copie": 4,
        "rating": 4.7,
        "tipo": "film",
        "titolo": "Shining"
    },
    {
        "anno": 2023,
        "autore": "Francesca Ragazzi",
        "collocazione": "Sezione R7",
        "data_pubblicazione": "01-04-2023",
        "disponibilita": true,
        "editore": "Condé Nast",
        "genere": "Moda",
        "id": "36",
        "immagine": "vogue.jpg",
        "in_prestito": 4,
        "lingua": "Francese",
        "numero_copie": 10,
        "numero_pagine": 200,
        "periodicita": "Mensile",
        "rating": 4.6,
        "tipo": "rivista",
        "titolo": "Vogue"
    },
    {
        "anno": 1986,
        "autore": "Metallica",
        "collocazione": "Sezione V9",
        "disponibilita": true,
        "durata": 55,
        "genere": "Metal",
        "id": "27",
        "immagine": "master_puppets.jpg",
        "in_prestito": 1,
        "lingua": "Inglese",
        "numero_copie": 4,
        "numero_tracce": 8,
        "rating": 4.9,
        "tipo": "vinile",
        "titolo": "Master of Puppets"
    },
    {
        "anno": 1999,
        "autore": "Roger Michell",
        "cast": [
            "Julia Roberts",
            "Hugh Grant",
            "Rhys Ifans"
        ],
        "collocazione": "Sezione C1",
        "disponibilita": true,
        "durata": 124,
        "genere": "Romantico",
        "id": "16",
        "immagine": "notting_hill.jpg",
        "in_prestito": 2,
        "lingua": "Inglese",
        "numero_copie": 5,
        "rating": 4.4,
        "tipo": "film",
        "titolo": "Notting Hill"
    },
    {
        "anno": 2023,
        "autore": "Bill Phillips",
        "collocazione": "Sezione R8",
        "data_pubblicazione": "01-04-2023",
        "disponibilita": true,
        "editore": "Hearst Communications",
        "genere": "Salute",
        "id": "37",
        "immagine": "mens_health.jpg",
        "in_prestito": 3,
        "lingua": "Inglese",
        "numero_copie": 8,
        "numero_pagine": 110,
        "periodicita": "Mensile",
        "rating": 4.3,
        "tipo": "rivista",
        "titolo": "Men's Health"
    },
    {
        "anno": 1982,
        "autore": "Michael Jackson",
        "collocazione": "Sezione V10",
        "disponibilita": true,
        "durata": 42,
        "genere": "Pop",
        "id": "28",
        "immagine": "thriller.jpg",
        "in_prestito": 2,
        "lingua": "Inglese",
        "numero_copie": 5,
        "numero_tracce": 9,
        "rating": 4.9,
        "tipo": "vinile",
        "titolo": "Thriller"
    },
    {
        "anno": 1982,
        "autore": "Ridley Scott",
        "cast": [
            "Harrison Ford",
            "Rutger Hauer",
            "Sean Young"
        ],
        "collocazione": "Sezione C2",
        "disponibilita": true,
        "durata": 117,
        "genere": "Fantascienza",
        "id": "17",
        "immagine": "blade_runner.jpg",
        "in_prestito": 1,
        "lingua": "Inglese",
        "numero_copie": 4,
        "rating": 4.8,
        "tipo": "film",
        "titolo": "Blade Runner"
    },
    {
        "anno": 2023,
        "autore": "Laura Helmuth",
        "collocazione": "Sezione R9",
        "data_pubblicazione": "01-06-2023",
        "disponibilita": true,
        "editore": "Springer Nature",
        "genere": "Scienza",
        "id": "38",
        "immagine": "scientific_american.jpg",
        "in_prestito": 2,
        "lingua": "Inglese",
        "numero_copie": 6,
        "numero_pagine": 100,
        "periodicita": "Mensile",
        "rating": 4.8,
        "tipo": "rivista",
        "titolo": "Scientific American"
    },
    {
        "anno": 1969,
        "autore": "The Beatles",
        "collocazione": "Sezione V11",
        "disponibilita": true,
        "durata": 47,
        "genere": "Rock",
        "id": "29",
        "immagine": "abbey_road.jpg",
        "in_prestito": 1,
        "lingua": "Inglese",
        "numero_copie": 6,
        "numero_tracce": 17,
        "rating": 4.9,
        "tipo": "vinile",
        "titolo": "Abbey Road"
    },
    {
        "anno": 1991,
        "autore": "Jonathan Demme",
        "cast": [
            "Anthony Hopkins",
            "Jodie Foster",
            "Scott Glenn"
        ],
        "collocazione": "Sezione C3",
        "disponibilita": true,
        "durata": 118,
        "genere": "Thriller",
        "id": "18",
        "immagine": "silenzio_innocenti_film.jpg",
        "in_prestito": 1,
        "lingua": "Italiano",
        "numero_copie": 5,
        "rating": 4.8,
        "tipo": "film",
        "titolo": "Il silenzio degli innocenti"
    },
    {
        "anno": 2023,
        "autore": "Stefano Barigelli",
        "collocazione": "Sezione R10",
        "data_pubblicazione": "20-04-2023",
        "disponibilita": true,
        "editore": "RCS MediaGroup",
        "genere": "Sport",
        "id": "39",
        "immagine": "gazzetta_sport.jpg",
        "in_prestito": 14,
        "lingua": "Italiano",
        "numero_copie": 15,
        "numero_pagine": 40,
        "periodicita": "Quotidiana",
        "rating": 4.5,
        "tipo": "rivista",
        "titolo": "La Gazzetta dello Sport"
    },
    {
        "anno": 2023,
        "autore": "Massimo Russo",
        "collocazione": "Sezione R11",
        "data_pubblicazione": "01/01/2023",
        "disponibilita": true,
        "editore": "Condé Nast",
        "genere": "Attualità",
        "id": "40",
        "immagine": "wired.jpg",
        "in_prestito": 3,
        "lingua": "Italiano",
        "numero_copie": 8,
        "numero_pagine": 120,
        "periodicita": "Mensile",
        "rating": 4.7,
        "tipo": "rivista",
        "titolo": "Wired"
    },
    {
        "anno": 2023,
        "autore": "Susan Goldberg",
        "collocazione": "Sezione R12",
        "data_pubblicazione": "01-12-2023",
        "disponibilita": true,
        "editore": "National Geographic Society",
        "genere": "Viaggi",
        "id": "41",
        "immagine": "national_geographic.jpg",
        "in_prestito": 4,
        "lingua": "Inglese",
        "numero_copie": 10,
        "numero_pagine": 150,
        "periodicita": "Mensile",
        "rating": 4.9,
        "tipo": "rivista",
        "titolo": "National Geographic"
    }
]
